Location,Period,Suicide_per_100000,Male,Female,PSEGDP,Old_Age,Survivors,Incapacity,Family,Labour,Unemployment,Housing,Health,Other,Total_GDP
Australia,2000,12.7,19.9,5.6,18.244,5.653,0.229,2.56,2.906,0.361,0.926,0.244,5.206,0.159,8.49137E+11
Austria,2000,19.9,29.8,10.6,25.688,10.083,2.228,2.704,2.929,0.504,0.922,0.101,5.924,0.292,3.36495E+11
Belgium,2000,22,31.5,12.9,23.654,6.817,2.089,2.006,2.468,0.83,2.755,0.033,5.968,0.688,4.05833E+11
Canada,2000,11.9,18.3,5.7,15.709,3.751,0.421,0.936,0.883,0.365,0.673,0.555,5.722,2.405,1.20714E+12
Chile,2000,10.3,17.9,2.9,10.397,3.952,1.061,0.799,1.139,0.212,0.054,0.418,2.518,0.244,4.87149E+11
Denmark,2000,15.6,22.6,8.8,23.765,7.986,0.011,3.807,3.395,1.844,0,0.646,5.057,1.018,1.44525E+11
Estonia,2000,29.1,48,12.6,13.914,5.9,0.267,1.535,1.744,0,0.127,0.097,3.969,0.275,3.11865E+12
Finland,2000,24.3,37,12.2,22.618,7.269,0.89,3.664,2.924,0.86,2.137,0.342,4.053,0.478,2.98221E+11
France,2000,20.2,29.2,11.7,27.705,10.232,1.464,1.683,3.006,1.172,1.42,0.853,7.56,0.315,1.15248E+12
Germany,2000,14.5,21.7,7.6,25.467,8.426,2.475,2.11,2.057,1.247,1.306,0.311,7.385,0.151,14057073775
Greece,2000,3.5,5.4,1.5,17.768,8.451,1.734,1.427,0.818,0.234,0.589,0.05,4.464,0,2.09135E+11
Hungary,2000,33.4,52.6,15.9,20.092,6.868,1.091,2.614,2.994,0.385,0.687,0.553,4.721,0.179,2.33352E+12
Iceland,2000,13.1,19.8,6.3,14.501,3.372,0.036,2.162,2.128,0.06,0.184,0.121,6.048,0.389,2.10087E+12
Ireland,2000,12.7,20.7,4.8,12.755,2.214,0.753,1.333,1.678,0.784,0.832,0.308,4.577,0.277,2.5151E+11
Israel,2000,6.8,10.7,3,16.154,4.3,0.713,2.103,2.404,0.241,0.559,0.313,4.292,1.228,1.07012E+11
Italy,2000,7.5,11.4,3.9,22.636,11.151,2.388,1.364,1.165,0.548,0.393,0.005,5.496,0.127,1.67812E+11
Japan,2000,23.9,34.6,13.6,15.354,6.541,1.134,0.687,0.548,0.27,0.559,0.038,5.444,0.133,10535472402
Korea,2000,14.5,19.9,9,4.412,1.162,0.192,0.322,0.102,0.355,0.072,0,1.962,0.247,1.74465E+11
Latvia,2000,34.7,60.4,12.8,15.359,8.35,0.459,1.541,1.492,0,0.549,0,2.766,0.1,2.06866E+12
Lithuania,2000,50.1,86.2,18.4,15.384,6.634,0.63,1.868,1.326,0,0.174,0,4.242,0.509,5.34894E+12
Luxembourg,2000,16.1,23.1,9.2,18.699,6.611,0.546,2.984,2.971,0.19,0.339,0,4.837,0.167,7.24597E+11
Mexico,2000,3.5,6,1.1,4.391,0.53,0.249,0.062,0.601,0.021,0,0,2.012,0.2,24267509230
Netherlands,2000,9.6,12.9,6.4,19.002,4.871,0.375,3.297,1.428,1.314,0,0,5.321,0.685,40777874685
New Zealand,2000,12.5,20.7,4.6,18.406,4.728,0.177,2.61,2.669,0.191,0,0,5.828,0.083,16489794024
Norway,2000,13.9,21.1,6.8,20.411,6.418,0.29,4.564,2.996,0.599,0,0,4.332,0.607,9.15216E+11
Poland,2000,17,29.2,5.4,20.217,8.477,2.065,3.448,1.18,0.253,0,0,3.649,0.113,7.39505E+11
Portugal,2000,7.6,12.4,3.1,18.478,6.578,1.297,2.24,0.974,0.61,0,0,5.904,0.247,3.66702E+11
Slovakia,2000,14.2,23.9,5.1,17.462,5.556,0.919,2.192,1.953,0.308,0,0,4.728,1.115,1.13241E+11
Slovenia,2000,32,47.9,16.7,22.095,9.994,0.454,2.589,2.133,0,0,0,5.689,0.379,3.26937E+11
Spain,2000,8.6,13.2,4.2,19.464,6.621,2.002,2.324,0.942,0,0,0,4.852,0.124,2.21207E+11
Sweden,2000,15.1,20.5,9.7,26.464,8.485,0.582,4.813,2.775,0,0,0,5.675,0.639,55615077762
Switzerland,2000,20.2,28.4,12.4,14.481,5.711,0.568,2.932,1.409,0,0,0,2.127,0.536,36841188520
Turkey,2000,4,6.2,1.8,7.549,3.11,0.816,0.211,0.206,0,0,0,2.85,0.343,3.98727E+11
United Kingdom of Great Britain and Northern Ireland,2000,8.6,13,4.3,16.924,4.89,0.248,2.199,2.397,0,0,0,5.51,0.166,5.23519E+11
United States of America,2000,11,17.7,4.5,14.119,4.903,0.793,0.887,0.789,0,0,0,5.628,0.479,1.26203E+13
Australia,2001,12.2,18.8,5.5,17.539,5,0.233,2.536,2.946,0.349,0.885,0.241,5.215,0.135,8.65533E+11
Austria,2001,18.6,27.7,10,25.751,10.232,2.195,2.627,2.856,0.554,0.909,0.113,5.942,0.322,3.40759E+11
Belgium,2001,22.3,32.9,12.1,24.121,6.9,2.099,2.054,2.569,0.83,2.773,0.043,6.146,0.707,4.10295E+11
Canada,2001,12.2,18.8,5.9,16.141,3.801,0.421,0.96,1.019,0.374,0.762,0.502,5.948,2.355,1.22411E+12
Chile,2001,10.3,17.9,2.9,10.117,3.566,1.069,0.884,1.011,0.256,0.041,0.417,2.6,0.271,4.93543E+11
Denmark,2001,15.8,21.8,10,24.29,8.027,0.01,3.985,3.463,1.803,0,0.642,5.343,1.016,1.49298E+11
Estonia,2001,30.3,51.4,11.8,13.057,5.418,0.218,1.629,1.602,0,0.121,0.077,3.703,0.289,3.17109E+12
Finland,2001,24.1,38,10.9,22.441,7.398,0.882,3.594,2.814,0.799,2,0.277,4.192,0.487,3.00676E+11
France,2001,19.5,28.1,11.3,27.691,10.265,1.442,1.703,2.929,1.139,1.419,0.833,7.659,0.302,1.19781E+12
Germany,2001,14.5,21.7,7.7,25.484,8.53,2.418,2.1,2.013,1.239,1.335,0.296,7.417,0.136,14897630321
Greece,2001,3.1,5.3,0.9,18.637,8.822,1.77,1.374,0.758,0.239,0.581,0.043,5.049,0,2.14594E+11
Hungary,2001,29.8,48.2,13.2,19.771,6.865,1.071,2.652,2.877,0.458,0.548,0.466,4.653,0.18,2.37981E+12
Iceland,2001,12.8,19.1,6.4,14.548,3.252,0.033,2.103,2.394,0.092,0.182,0.127,5.958,0.407,2.16335E+12
Ireland,2001,13.2,22,4.5,13.506,2.276,0.76,1.386,1.872,0.849,0.748,0.315,5.02,0.28,2.61901E+11
Israel,2001,6.4,10.4,2.5,17.409,4.685,0.787,2.308,2.57,0.227,0.649,0.356,4.53,1.298,1.11372E+11
Italy,2001,7.3,11.3,3.6,22.843,10.99,2.381,1.335,1.22,0.622,0.374,0.006,5.774,0.143,1.7667E+11
Japan,2001,23.2,33.7,13,16.097,6.969,1.168,0.728,0.604,0.275,0.572,0.043,5.594,0.144,10946230529
Korea,2001,15.6,21.6,9.5,4.788,0.95,0.193,0.355,0.133,0.202,0.12,0,2.477,0.359,1.74672E+11
Latvia,2001,32.2,56.5,11.5,14.367,7.609,0.391,1.489,1.444,0,0.425,0,2.821,0.095,2.10903E+12
Lithuania,2001,47.1,82.2,16.3,14.542,6.137,0.616,1.714,1.17,0,0.146,0,4.298,0.461,5.37067E+12
Luxembourg,2001,16.7,24.4,9.2,20.391,5.091,2.144,3.378,3.071,0.184,0.637,0,5.304,0.448,7.59757E+11
Mexico,2001,3.8,6.3,1.4,4.992,0.591,0.263,0.07,0.64,0.018,0,0,2.109,0.684,25851233310
Netherlands,2001,9.6,13,6.3,19.098,4.797,0.357,3.268,1.419,1.32,0,0,5.612,0.652,41810360200
New Zealand,2001,13.9,21.1,7,17.777,4.509,0.171,2.628,2.536,0.188,0,0,5.792,0.085,17532412592
Norway,2001,14.2,21.2,7.3,21.234,6.656,0.291,4.726,3.128,0.62,0,0,4.584,0.609,9.11515E+11
Poland,2001,17.2,30.3,4.8,21.749,9.283,2.253,3.547,1.184,0.248,0,0,4.033,0.136,7.56713E+11
Portugal,2001,8.8,14,4,18.957,6.918,1.341,2.218,1.009,0.651,0,0,5.953,0.223,3.74311E+11
Slovakia,2001,13.9,23.8,4.5,17.175,5.625,0.899,2.156,1.799,0.357,0,0,4.75,1.123,1.17164E+11
Slovenia,2001,30.9,49.5,13,21.95,10.17,0.435,2.509,2.085,0,0,0,5.629,0.41,3.31052E+11
Spain,2001,8,12.4,3.9,19.091,6.425,1.916,2.259,0.892,0,0,0,4.808,0.133,2.25507E+11
Sweden,2001,16,22,10.1,26.582,8.457,0.568,5.08,2.909,0,0,0,5.905,0.619,57424671557
Switzerland,2001,19.6,27.3,12.2,14.796,5.84,0.581,3.063,1.432,0,0,0,2.348,0.441,38026207577
Turkey,2001,3.6,5.6,1.7,8.228,3.431,0.925,0.213,0.219,0,0,0,3.312,0.12,4.04507E+11
United Kingdom of Great Britain and Northern Ireland,2001,8.3,12.9,3.9,17.713,5.073,0.24,2.218,2.485,0,0,0,5.766,0.201,4.93416E+11
United States of America,2001,11.4,18.3,4.7,14.689,4.969,0.797,0.917,0.822,0,0,0,6.015,0.47,1.27463E+13
Australia,2002,11.3,17.4,5.3,17.348,4.884,0.231,2.527,2.795,0.335,0.773,0.231,5.417,0.154,9.00166E+11
Austria,2002,19.3,30.4,8.9,26.047,10.35,2.153,2.58,2.895,0.537,1.069,0.117,6.011,0.333,3.46387E+11
Belgium,2002,20.9,30.2,12,24.502,6.948,2.091,2.129,2.606,0.737,3.007,0.054,6.139,0.792,4.17298E+11
Canada,2002,11.9,18.4,5.7,16.152,3.75,0.42,0.978,1.05,0.378,0.746,0.488,6.057,2.286,1.266E+12
Chile,2002,9.6,16.5,3,10.155,3.494,1.051,0.872,1.022,0.26,0.05,0.42,2.728,0.258,4.94345E+11
Denmark,2002,14.9,20.5,9.4,24.804,8.034,0.01,4.196,3.556,1.802,0,0.649,5.536,1.02,1.53937E+11
Estonia,2002,29.3,51.2,10.2,12.758,5.403,0.154,1.654,1.574,0,0.085,0.079,3.559,0.25,3.16481E+12
Finland,2002,22,33.6,11,23.192,7.71,0.891,3.668,2.795,0.794,2.063,0.277,4.478,0.515,3.02078E+11
France,2002,19.8,28.2,11.9,28.409,10.164,1.717,1.785,2.916,1.091,1.642,0.847,7.935,0.313,1.23052E+12
Germany,2002,14.6,21.5,7.9,26.163,8.75,2.429,2.113,2.084,1.269,1.49,0.323,7.575,0.129,15911026263
Greece,2002,2.9,4.7,1.2,18.359,8.717,1.771,1.398,0.726,0.174,0.594,0,4.978,0,2.18257E+11
Hungary,2002,28.6,46.4,12.5,20.8,7.378,1.11,2.765,2.946,0.498,0.504,0.454,4.954,0.191,2.40684E+12
Iceland,2002,12.2,18.3,6.2,15.901,3.599,0.034,2.3,2.587,0.082,0.326,0.157,6.306,0.511,2.21364E+12
Ireland,2002,12.2,20,4.5,14.399,2.375,0.772,1.472,2.192,0.774,0.871,0.337,5.272,0.334,2.72175E+11
Israel,2002,5.9,8.9,2.9,17.388,4.714,0.78,2.481,2.421,0.225,0.632,0.289,4.575,1.271,1.16652E+11
Italy,2002,7.4,11.6,3.5,23.272,11.1,2.4,1.518,1.119,0.689,0.401,0.007,5.897,0.142,1.87129E+11
Japan,2002,23.8,34.9,13.1,16.441,7.352,1.197,0.686,0.637,0.238,0.53,0.049,5.595,0.157,11020793077
Korea,2002,19,25.9,12,4.654,0.933,0.2,0.381,0.13,0.171,0.106,0,2.353,0.379,1.74646E+11
Latvia,2002,31.5,53.6,12.8,13.838,7.188,0.37,1.443,1.345,0,0.439,0,2.865,0.098,2.11439E+12
Lithuania,2002,47,84.7,14,14.338,5.83,0.589,1.659,1.096,0,0.16,0,4.537,0.467,5.37701E+12
Luxembourg,2002,16.1,24,8.3,21.428,5.316,2.216,3.425,3.355,0.267,0.656,0,5.595,0.455,8.18449E+11
Mexico,2002,3.9,6.5,1.3,5.346,0.687,0.256,0.062,0.738,0.014,0,0,2.165,0.665,27596557244
Netherlands,2002,10,13.6,6.5,19.878,4.905,0.349,3.563,1.506,1.415,0,0,6.053,0.62,43407294086
New Zealand,2002,12.5,19,6.3,18.249,4.375,0.19,2.685,2.491,0.476,0,0,6.154,0.107,18774196283
Norway,2002,12.1,17.6,6.7,22.71,6.708,0.345,5.077,3.024,0.681,0,0,5.488,0.652,9.11152E+11
Poland,2002,17.3,29.8,5.6,21.854,9.48,2.282,3.37,1.176,0.223,0,0,4.282,0.16,7.58357E+11
Portugal,2002,12.5,20.2,5.2,20.294,7.446,1.396,2.247,1.307,0.61,0,0,6.215,0.303,3.79724E+11
Slovakia,2002,14.6,25.9,4,17.321,5.674,0.892,2.218,1.779,0.409,0,0,4.903,1.029,1.2264E+11
Slovenia,2002,29.1,47.5,11.6,22.32,10.438,0.424,2.492,1.999,0,0,0,5.885,0.459,3.37792E+11
Spain,2002,8.3,12.8,4.1,19.35,6.458,1.924,2.344,0.905,0,0,0,4.831,0.173,2.27245E+11
Sweden,2002,15.5,22.2,9,27.253,8.594,0.563,5.367,3.057,0,0,0,6.163,0.613,60014204964
Switzerland,2002,20.9,28,14.1,15.79,5.883,0.584,3.317,1.526,0,0,0,2.573,0.466,39359253571
Turkey,2002,3.2,4.8,1.6,8.801,3.685,0.963,0.218,0.234,0,0,0,3.569,0.109,4.13394E+11
United Kingdom of Great Britain and Northern Ireland,2002,8.3,12.6,4.1,17.955,5.142,0.219,2.202,2.533,0,0,0,6.102,0.205,5.25231E+11
United States of America,2002,11.8,18.8,5,15.529,5.106,0.795,0.966,0.847,0,0,0,6.373,0.499,1.29683E+13
Australia,2003,10.5,16.2,4.8,17.546,4.857,0.226,2.465,3.199,0.351,0.7,0.228,5.379,0.142,9.27045E+11
Austria,2003,18.2,27.5,9.4,26.584,10.523,2.139,2.571,3.012,0.601,1.185,0.117,6.104,0.33,3.49648E+11
Belgium,2003,21.5,31.8,11.6,25.65,7.035,2.08,2.188,2.661,0.763,3.234,0.056,6.79,0.842,4.2163E+11
Canada,2003,12.4,18.8,6.2,16.233,3.734,0.413,0.948,1.056,0.361,0.745,0.47,6.203,2.304,1.31425E+12
Chile,2003,9.7,16.7,3,10.036,3.35,1.01,0.831,0.997,0.272,0.05,0.446,2.805,0.275,4.94541E+11
Denmark,2003,13.6,19.6,7.7,25.328,8.204,0.01,4.388,3.671,1.705,0,0.678,5.676,0.995,1.60235E+11
Estonia,2003,26.3,45.9,9.3,12.888,5.422,0.099,1.749,1.422,0.075,0.176,0.076,3.67,0.2,3.14265E+12
Finland,2003,21.7,33.4,10.6,23.839,7.97,0.888,3.707,2.808,0.87,2.111,0.283,4.675,0.526,3.03256E+11
France,2003,20.1,29.2,11.6,28.788,10.34,1.713,1.809,2.973,1.039,1.817,0.822,7.943,0.334,1.26722E+12
Germany,2003,14.4,21.4,7.7,26.624,8.944,2.414,2.094,2.093,1.216,1.662,0.347,7.697,0.158,17114964310
Greece,2003,3.3,5.4,1.2,18.178,8.612,1.721,1.371,0.757,0.088,0.57,0,5.058,0,2.22631E+11
Hungary,2003,28,45.5,12.2,21.79,7.344,1.102,2.933,3.209,0.38,0.5,0.466,5.728,0.129,2.42665E+12
Iceland,2003,12.5,19.2,5.7,16.983,3.824,0.034,2.621,2.949,0.092,0.448,0.183,6.329,0.503,2.28639E+12
Ireland,2003,12.1,18.7,5.6,14.879,2.429,0.772,1.537,2.285,0.686,0.93,0.353,5.52,0.368,2.87947E+11
Israel,2003,6.4,10.5,2.5,16.85,4.838,0.696,2.614,2.218,0.205,0.451,0.255,4.432,1.142,1.21417E+11
Italy,2003,7.4,11.2,3.8,23.611,11.232,2.389,1.568,1.211,0.74,0.419,0.008,5.901,0.143,1.9278E+11
Japan,2003,25.6,37.8,13.8,16.642,7.609,1.21,0.719,0.641,0.235,0.394,0.055,5.612,0.167,11270759757
Korea,2003,24.1,33,15.1,4.945,1.049,0.222,0.428,0.151,0.111,0.123,0,2.478,0.381,1.76341E+11
Latvia,2003,29.1,50.3,11,12.908,6.412,0.316,1.353,1.336,0.116,0.445,0,2.74,0.116,2.11732E+12
Lithuania,2003,45.4,79.9,15.3,14.271,5.604,0.555,1.666,1.011,0.192,0.155,0,4.658,0.428,5.45918E+12
Luxembourg,2003,15.3,21.9,8.9,22.809,5.594,2.341,3.487,3.745,0.415,0.851,0,5.778,0.48,8.44208E+11
Mexico,2003,4,6.7,1.4,6.02,0.801,0.191,0.054,0.932,0.013,0,0,2.414,0.635,30512397613
Netherlands,2003,9.6,13,6.3,20.555,5.022,0.337,3.659,1.592,1.35,0,0,6.354,0.586,44114522872
New Zealand,2003,13.7,19.8,7.8,17.73,4.232,0.163,2.714,2.403,0.474,0,0,6.049,0.141,20357701182
Norway,2003,11.8,17.1,6.7,23.644,6.862,0.339,5.321,3.072,0.777,0,0,5.664,0.684,9.24331E+11
Poland,2003,17,29.9,5,21.993,9.645,2.307,3.256,1.125,0.399,0,0,4.123,0.17,7.59537E+11
Portugal,2003,11.9,18.9,5.3,21.339,7.906,1.444,2.295,1.41,0.63,0,0,6.324,0.306,3.8318E+11
Slovakia,2003,15,26.7,4.1,16.563,5.718,0.841,2.085,1.751,0.28,0,0,4.783,0.733,1.28221E+11
Slovenia,2003,29.7,47.3,12.8,21.935,9.823,0.383,2.421,1.958,0,0,0,5.898,0.597,3.49609E+11
Spain,2003,8.5,13,4.1,19.989,6.4,1.93,2.344,1.053,0,0,0,5.378,0.174,2.25131E+11
Sweden,2003,14.4,19.7,9.2,27.962,9.079,0.623,5.487,3.111,0,0,0,6.298,0.637,63314435397
Switzerland,2003,18.7,24.4,13.2,16.407,6.027,0.59,3.227,1.53,0,0,0,2.643,0.513,40524389923
Turkey,2003,3.1,4.7,1.6,9.76,4.387,1.171,0.216,0.226,0,0,0,3.602,0.121,4.22942E+11
United Kingdom of Great Britain and Northern Ireland,2003,7.9,11.9,4.1,18.746,5.191,0.214,2.193,2.796,0,0,0,6.341,0.171,5.55501E+11
United States of America,2003,11.7,18.6,5,15.8,5.134,0.777,0.986,0.8,0,0,0,6.597,0.55,1.33393E+13
Australia,2004,10.3,15.9,4.6,17.238,4.864,0.217,2.355,2.874,0.383,0.62,0.248,5.542,0.133,9.6464E+11
Austria,2004,17.5,27.1,8.4,26.329,10.445,2.072,2.495,2.963,0.585,1.179,0.131,6.118,0.341,3.59212E+11
Belgium,2004,20.2,29.6,11.2,25.444,6.983,2.006,2.12,2.611,0.631,3.247,0.058,6.994,0.794,4.36687E+11
Canada,2004,11.7,17.4,6.1,16.232,3.669,0.406,0.92,1.07,0.344,0.663,0.452,6.235,2.474,1.36569E+12
Chile,2004,10.1,17.4,3.1,9.289,2.964,0.904,0.74,0.977,0.229,0.049,0.462,2.724,0.24,5.0827E+11
Denmark,2004,14.2,19,9.6,25.119,8.091,0.009,4.39,3.575,1.64,0,0.694,5.717,1.003,1.71787E+11
Estonia,2004,26.5,46.9,8.9,13.306,5.44,0.103,1.786,1.838,0.062,0.163,0.046,3.73,0.138,3.17958E+12
Finland,2004,21.2,33.2,9.8,23.951,8.002,0.869,3.7,2.817,0.929,2.082,0.274,4.772,0.506,3.11348E+11
France,2004,19.5,28,11.5,28.862,10.447,1.701,1.805,3.003,0.951,1.792,0.815,8.008,0.341,1.30679E+12
Germany,2004,14,21.1,7.2,26.02,8.894,2.321,2.009,2.053,1.128,1.727,0.368,7.348,0.171,18273211940
Greece,2004,3.1,5.1,1.2,18.309,8.84,1.753,1.379,0.777,0.153,0.625,0.037,4.745,0,2.31518E+11
Hungary,2004,27.5,44.1,12.5,21.086,7.316,1.163,2.813,2.953,0.312,0.527,0.401,5.469,0.132,2.49532E+12
Iceland,2004,12.4,17.4,7.3,16.619,3.81,0.032,2.627,2.981,0.085,0.439,0.204,5.89,0.552,2.34067E+12
Ireland,2004,11.9,19.7,4.2,15.151,2.498,0.791,1.602,2.256,0.638,0.967,0.347,5.702,0.35,3.0252E+11
Israel,2004,6.1,9.7,2.7,15.868,4.622,0.76,2.443,1.951,0.179,0.38,0.189,4.341,1.003,1.27272E+11
Italy,2004,7.2,11,3.5,23.868,11.289,2.375,1.562,1.227,0.602,0.442,0.01,6.226,0.137,2.05737E+11
Japan,2004,24.1,35.5,13.2,16.845,7.832,1.215,0.701,0.684,0.221,0.29,0.059,5.666,0.176,12177177341
Korea,2004,25.4,34.6,16.1,5.536,1.179,0.227,0.494,0.182,0.103,0.159,0,2.489,0.702,1.83723E+11
Latvia,2004,26.8,47.2,9.5,13.069,5.813,0.293,1.435,1.239,0.124,0.421,0,3.504,0.168,2.14746E+12
Lithuania,2004,43.3,75.4,15.3,13.221,5.523,0.527,1.747,1.125,0.195,0.116,0,3.664,0.323,5.57954E+12
Luxembourg,2004,12.1,18.6,5.7,23.077,5.566,2.25,3.453,3.691,0.444,0.923,0,6.122,0.474,8.88085E+11
Mexico,2004,4,6.7,1.3,5.954,0.78,0.186,0.052,0.818,0.01,0,0,2.587,0.643,32516906558
Netherlands,2004,9.7,13.3,6.3,20.397,5.157,0.314,3.545,1.572,1.248,0,0,6.25,0.516,45708018252
New Zealand,2004,12.6,19.7,5.9,17.422,4.074,0.151,2.717,2.286,0.462,0,0,6.292,0.153,22088363817
Norway,2004,12.8,17.1,8.6,22.283,6.59,0.327,4.703,2.969,0.758,0,0,5.414,0.703,9.6057E+11
Poland,2004,17.6,30.9,5.1,21.248,9.483,2.181,3.079,1.23,0.343,0,0,3.975,0.155,7.74613E+11
Portugal,2004,10.6,16.5,5,21.675,8.246,1.509,2.212,1.164,0.647,0,0,6.607,0.19,3.9839E+11
Slovakia,2004,13.9,23.6,4.7,15.848,5.542,0.836,1.464,1.939,0.231,0,0,5.019,0.468,1.33385E+11
Slovenia,2004,28.7,42.2,15.8,21.551,9.677,0.371,2.293,1.935,0,0,0,5.83,0.631,3.67029E+11
Spain,2004,8.5,12.9,4.2,20.214,6.356,1.976,2.413,1.082,0,0,0,5.465,0.178,2.29158E+11
Sweden,2004,14.8,20.9,8.7,27.458,8.939,0.607,5.332,3.1,0,0,0,6.11,0.607,66656728458
Switzerland,2004,18.5,24.6,12.6,16.297,5.926,0.572,3.201,1.484,0,0,0,2.619,0.546,42290926202
Turkey,2004,3,4.5,1.6,10.053,4.641,1.23,0.212,0.233,0,0,0,3.556,0.126,4.41285E+11
United Kingdom of Great Britain and Northern Ireland,2004,8.2,12.2,4.3,19.323,5.338,0.198,2.176,2.88,0,0,0,6.676,0.173,6.09917E+11
United States of America,2004,11.9,18.6,5.4,15.665,5.1,0.749,1.007,0.745,0,0,0,6.714,0.544,1.38461E+13
Australia,2005,11.2,17.3,5.1,16.694,4.71,0.206,2.27,2.747,0.367,0.547,0.246,5.465,0.135,9.9555E+11
Austria,2005,17.2,26.4,8.6,25.952,10.356,1.999,2.41,2.888,0.602,1.106,0.119,6.119,0.353,3.67273E+11
Belgium,2005,20.7,30.3,11.4,25.311,7.02,1.974,2.1,2.586,0.65,3.223,0.065,6.897,0.795,4.46826E+11
Canada,2005,12.2,18.2,6.2,16.087,3.616,0.395,0.902,1.062,0.312,0.605,0.418,6.23,2.547,1.43391E+12
Chile,2005,9.7,16.3,3.2,8.871,2.86,0.852,0.703,0.836,0.216,0.035,0.542,2.592,0.234,5.24104E+11
Denmark,2005,14.8,20.3,9.5,25.195,8.234,0.009,4.429,3.5,1.526,0,0.688,5.835,0.974,1.81652E+11
Estonia,2005,22.6,39.2,8.2,12.84,5.264,0.104,1.755,1.74,0.068,0.107,0.028,3.654,0.119,3.20285E+12
Finland,2005,19.9,29.5,10.7,23.926,8.105,0.853,3.643,2.831,0.865,1.953,0.265,4.909,0.502,3.18623E+11
France,2005,19.1,27.7,11.1,28.825,10.611,1.728,1.8,2.934,0.897,1.675,0.79,8.038,0.351,1.35451E+12
Germany,2005,13.3,19.9,7,26.38,8.918,2.273,1.953,2.052,1.118,1.833,0.633,7.449,0.15,20007394086
Greece,2005,3.7,6,1.4,19.534,9.518,1.872,1.42,0.779,0.067,0.635,0.033,5.21,0,2.37954E+11
Hungary,2005,26.4,42.8,11.6,21.864,7.648,1.248,2.8,3,0.322,0.547,0.505,5.656,0.138,2.53682E+12
Iceland,2005,11.8,15.4,8.3,15.832,3.678,0.031,2.589,2.863,0.082,0.297,0.203,5.622,0.467,2.41509E+12
Ireland,2005,11.8,18.6,5.1,15.38,2.481,0.801,1.661,2.222,0.613,0.909,0.332,6.032,0.33,3.04332E+11
Israel,2005,6.7,9.8,3.8,15.386,4.52,0.683,2.454,1.812,0.175,0.346,0.205,4.269,0.921,1.32673E+11
Italy,2005,6.7,10.1,3.5,24.107,11.353,2.389,1.535,1.214,0.534,0.469,0.011,6.462,0.14,2.17465E+11
Japan,2005,24.3,35.9,13.2,17.103,8.015,1.231,0.67,0.715,0.083,0.27,0.082,5.861,0.175,12947992674
Korea,2005,26.7,35.5,17.9,5.881,1.273,0.236,0.516,0.223,0.107,0.183,0,2.634,0.71,1.90909E+11
Latvia,2005,26.5,45.9,10.2,12.266,5.36,0.257,1.354,1.243,0.212,0.369,0,3.267,0.138,2.16502E+12
Lithuania,2005,42.7,75.3,14.4,13.679,5.387,0.465,1.77,1.721,0.216,0.153,0,3.764,0.201,5.67231E+12
Luxembourg,2005,13.4,20.3,6.7,22.833,5.646,2.204,3.342,3.598,0.497,0.977,0,5.977,0.438,9.26349E+11
Mexico,2005,4.1,6.9,1.4,6.145,0.852,0.194,0.052,0.898,0.012,0,0,2.465,0.653,35031233307
Netherlands,2005,9.8,13.4,6.3,19.921,5.153,0.286,3.305,1.536,1.169,0,0,6.224,0.501,47158078488
New Zealand,2005,12.9,19.4,6.7,18.009,4.067,0.146,2.767,2.636,0.429,0,0,6.592,0.157,24457359898
Norway,2005,12.4,16.6,8.3,20.737,6.202,0.297,4.302,2.79,0.719,0,0,5.143,0.623,9.82738E+11
Poland,2005,17.7,31.2,5.1,20.896,9.245,2.121,2.897,1.208,0.422,0,0,3.988,0.357,7.905E+11
Portugal,2005,11.4,17.8,5.3,22.303,8.612,1.476,2.11,1.182,0.651,0,0,6.727,0.208,4.0885E+11
Slovakia,2005,13.7,24.1,3.9,15.334,5.552,0.832,1.424,1.502,0.33,0,0,4.96,0.473,1.37814E+11
Slovenia,2005,26.8,42.4,11.9,21.524,9.397,0.44,2.372,1.911,0,0,0,5.876,0.632,3.799E+11
Spain,2005,8,12.2,4,20.475,6.366,1.974,2.486,1.159,0,0,0,5.533,0.217,2.30949E+11
Sweden,2005,15.7,21.1,10.4,27.131,8.806,0.583,5.232,3.129,0,0,0,6.088,0.575,71071712348
Switzerland,2005,19,25.7,12.6,16.134,5.86,0.576,3.257,1.494,0,0,0,2.583,0.541,43897124009
Turkey,2005,2.8,4.2,1.5,10.087,4.853,1.218,0.214,0.266,0,0,0,3.348,0.118,4.539E+11
United Kingdom of Great Britain and Northern Ireland,2005,7.9,11.8,4.1,19.276,5.336,0.176,2.086,2.84,0,0,0,6.809,0.165,6.64763E+11
United States of America,2005,11.9,18.7,5.2,15.494,5.064,0.72,1.008,0.705,0,0,0,6.736,0.579,1.43325E+13
Australia,2006,10.6,16.1,5.2,15.713,4.142,0.194,2.187,2.584,0.33,0.484,0.207,5.457,0.126,1.02337E+12
Austria,2006,16.4,25.7,7.5,25.665,10.37,1.941,2.305,2.775,0.685,1.011,0.133,6.082,0.361,3.79958E+11
Belgium,2006,20.2,29,11.8,25.238,7.094,1.925,2.126,2.586,0.634,3.171,0.129,6.808,0.765,4.58231E+11
Canada,2006,11.2,16.9,5.7,16.347,3.608,0.386,0.881,1.186,0.295,0.574,0.402,6.4,2.614,1.49365E+12
Chile,2006,10,16.9,3.4,8.258,2.492,0.776,0.679,0.819,0.202,0.032,0.523,2.495,0.238,5.45009E+11
Denmark,2006,14.7,20.2,9.3,24.961,8.291,0.008,4.395,3.454,1.457,0,0.636,5.904,0.817,1.93128E+11
Estonia,2006,20.9,34.8,8.8,12.455,5.24,0.101,1.714,1.683,0.071,0.064,0.039,3.465,0.078,3.32508E+12
Finland,2006,21,32,10.5,23.74,8.192,0.833,3.565,2.8,0.866,1.769,0.254,4.925,0.537,3.31091E+11
France,2006,18.5,26.8,10.6,28.431,10.532,1.654,1.567,2.87,0.929,1.425,0.78,8.028,0.645,1.41009E+12
Germany,2006,12.8,19.2,6.6,25.106,8.63,2.176,1.857,1.743,0.94,1.626,0.67,7.319,0.144,21951864649
Greece,2006,3.7,6.1,1.2,19.379,9.588,1.783,1.393,0.74,0.151,0.566,0.07,5.088,0,2.47538E+11
Hungary,2006,24.9,39.5,11.8,22.148,7.785,1.27,2.762,3.263,0.335,0.573,0.521,5.512,0.126,2.59896E+12
Iceland,2006,12.5,17.1,7.8,15.347,3.499,0.025,2.526,3.006,0.082,0.197,0.181,5.452,0.378,2.48243E+12
Ireland,2006,10.9,17.3,4.5,15.371,2.534,0.801,1.744,2.234,0.594,0.937,0.343,5.847,0.336,3.21534E+11
Israel,2006,5.5,8.3,2.7,15.183,4.436,0.721,2.431,1.851,0.158,0.306,0.149,4.307,0.825,1.38021E+11
Italy,2006,6.7,10.2,3.4,24.23,11.386,2.338,1.542,1.293,0.478,0.475,0.013,6.56,0.145,2.28492E+11
Japan,2006,23.9,34.7,13.5,17.23,8.14,1.237,0.726,0.696,0.08,0.251,0.069,5.856,0.177,13627609657
Korea,2006,23.7,31.8,15.5,6.699,1.347,0.25,0.549,0.473,0.107,0.206,0,2.917,0.851,2.01532E+11
Latvia,2006,23.2,42.2,7.1,12.161,5.105,0.24,1.364,1.124,0.238,0.352,0,3.532,0.115,2.20379E+12
Lithuania,2006,35.2,61.8,12.3,13.743,5.225,0.458,1.835,1.654,0.263,0.171,0,3.947,0.188,5.75285E+12
Luxembourg,2006,15.2,23.1,7.5,21.397,5.37,1.99,3.124,3.383,0.476,0.91,0,5.555,0.415,9.75115E+11
Mexico,2006,4,6.8,1.3,6.26,0.884,0.189,0.047,0.911,0.009,0,0,2.422,0.588,37628491450
Netherlands,2006,9.6,13.2,6,16.434,5.012,0.261,2.71,1.751,1.08,0,0,3.165,0.884,49600152321
New Zealand,2006,13.1,19.4,7,18.707,4.085,0.144,2.869,3.007,0.412,0,0,6.912,0.146,27388907799
Norway,2006,12.8,18.1,7.5,19.479,5.92,0.273,4.125,2.691,0.565,0,0,4.881,0.579,1.02691E+12
Poland,2006,17.1,30.1,4.9,20.625,9.33,2.115,2.718,1.189,0.448,0,0,4.016,0.232,8.17859E+11
Portugal,2006,11.5,18.3,5.2,22.02,8.825,1.538,2.088,1.163,0.569,0,0,6.316,0.23,4.18661E+11
Slovakia,2006,14.5,25.8,3.9,15.009,5.422,0.804,1.442,1.409,0.308,0,0,4.794,0.502,1.41737E+11
Slovenia,2006,27.9,44.6,11.9,21.126,8.315,1.634,2.253,1.873,0,0,0,5.721,0.534,4.03193E+11
Spain,2006,7.5,11.6,3.5,20.516,6.346,1.918,2.458,1.181,0,0,0,5.645,0.236,2.34702E+11
Sweden,2006,15,20.2,9.8,26.456,8.577,0.545,4.987,3.217,0,0,0,6.014,0.561,77107959092
Switzerland,2006,18.8,24.5,13.4,15.388,5.592,0.544,3.215,1.485,0,0,0,2.407,0.53,46419626983
Turkey,2006,2.7,3.9,1.5,10.358,4.911,1.232,0.22,0.248,0,0,0,3.572,0.105,4.75064E+11
United Kingdom of Great Britain and Northern Ireland,2006,7.8,12,3.8,19.187,5.106,0.137,2.181,2.829,0,0,0,7.015,0.154,7.1095E+11
United States of America,2006,12.1,19.1,5.4,15.543,5.052,0.702,1.014,0.708,0,0,0,6.879,0.55,1.47417E+13
Australia,2007,10.9,16.2,5.5,15.873,4.396,0.182,2.171,2.44,0.305,0.408,0.294,5.591,0.086,1.06271E+12
Austria,2007,16,24.5,7.9,25.086,10.255,1.873,2.19,2.647,0.646,0.886,0.132,6.099,0.358,3.94121E+11
Belgium,2007,18.7,26.7,11,24.984,7.047,1.865,2.104,2.642,0.646,3.015,0.141,6.776,0.748,4.75079E+11
Canada,2007,11.5,17,6.1,16.261,3.626,0.374,0.871,1.22,0.281,0.542,0.373,6.488,2.485,1.59624E+12
Chile,2007,11,18,4.2,8.431,2.375,0.737,0.696,0.948,0.205,0.03,0.558,2.61,0.273,5.67419E+11
Denmark,2007,12.6,16.5,8.8,25.912,8.057,0.03,5.363,3.675,1.271,0,0.64,6.126,0.75,2.02601E+11
Estonia,2007,21.4,37.8,7.1,12.367,5.037,0.094,1.753,1.612,0.05,0.09,0.021,3.639,0.071,3.42405E+12
Finland,2007,19.7,30.2,9.6,22.81,8.054,0.793,3.416,2.713,0.831,1.48,0.23,4.746,0.546,3.34101E+11
France,2007,17.9,26,10.4,28.279,10.678,1.605,1.533,2.842,0.92,1.295,0.757,7.961,0.688,1.46091E+12
Germany,2007,12.4,18.7,6.3,24.208,8.337,2.056,1.788,1.821,0.853,1.349,0.632,7.231,0.144,23614406696
Greece,2007,3,5,1.1,20.135,9.659,2.017,1.512,0.84,0.164,0.543,0.079,5.319,0,2.60655E+11
Hungary,2007,25,40.1,11.3,22.419,8.183,1.316,2.698,3.223,0.342,0.663,0.895,4.972,0.127,2.66197E+12
Iceland,2007,14.8,19.3,10.3,14.488,2.188,0.019,2.121,3.351,0.045,0.18,0.575,5.458,0.552,2.54277E+12
Ireland,2007,11.5,18,5,16.226,2.742,0.778,1.894,2.319,0.613,0.999,0.35,6.182,0.348,3.32061E+11
Israel,2007,5.2,8.4,2,14.679,4.345,0.688,2.413,1.783,0.143,0.267,0.141,4.172,0.725,1.38356E+11
Italy,2007,6.7,10.2,3.3,24.054,11.542,2.302,1.561,1.321,0.434,0.422,0.017,6.305,0.152,2.40658E+11
Japan,2007,25,36.2,14.2,17.635,8.32,1.251,0.764,0.695,0.078,0.236,0.071,6.036,0.184,14903878824
Korea,2007,26.7,33.9,19.5,6.782,1.425,0.256,0.552,0.417,0.115,0.223,0,3.015,0.779,2.13168E+11
Latvia,2007,20.9,36.1,8.1,11.079,4.458,0.202,1.243,1.09,0.16,0.335,0,3.372,0.101,2.23656E+12
Lithuania,2007,34.5,61.3,11.4,14.823,5.917,0.499,2.044,1.658,0.297,0.16,0,4.094,0.153,5.84802E+12
Luxembourg,2007,14,20.4,7.8,20.211,5.234,1.881,2.812,3.16,0.461,0.859,0,5.249,0.407,1.03167E+12
Mexico,2007,4.1,6.7,1.5,6.255,0.998,0.192,0.046,0.914,0.007,0,0,2.527,0.553,41808068665
Netherlands,2007,8.4,11.8,5.1,15.742,5.083,0.238,2.788,1.235,0.985,0,0,3.153,0.949,53744023864
New Zealand,2007,12.3,18.7,6.3,18.453,4.053,0.14,2.659,3.052,0.386,0,0,6.856,0.323,30135220877
Norway,2007,11.8,16.2,7.4,19.603,6.015,0.267,4.143,2.745,0.538,0,0,4.992,0.556,1.05044E+12
Poland,2007,15.7,27.5,4.6,19.525,8.735,1.964,2.487,1.156,0.495,0,0,4.115,0.175,8.48715E+11
Portugal,2007,12.6,19.1,6.6,21.73,8.877,1.537,2.056,1.153,0.496,0,0,6.229,0.241,4.31197E+11
Slovakia,2007,14,24.7,4,14.808,5.223,0.793,1.42,1.345,0.217,0,0,4.974,0.448,1.46089E+11
Slovenia,2007,22.9,35.7,10.5,19.763,8.061,1.52,2.09,1.703,0,0,0,5.372,0.476,4.31664E+11
Spain,2007,7.4,11.2,3.7,20.897,6.617,1.9,2.468,1.228,0,0,0,5.725,0.251,2.40585E+11
Sweden,2007,14.5,20.1,9,25.369,8.406,0.508,4.699,3.175,0,0,0,5.992,0.555,85460315453
Switzerland,2007,19.5,25.8,13.5,14.776,5.533,0.526,3.106,1.424,0,0,0,2.361,0.498,49659791568
Turkey,2007,2.5,3.7,1.4,10.907,5.216,1.303,0.259,0.315,0,0,0,3.632,0.112,4.91403E+11
United Kingdom of Great Britain and Northern Ireland,2007,7.6,11.7,3.6,19.723,5.735,0.079,1.763,3.105,0,0,0,7.063,0.192,7.46807E+11
United States of America,2007,12.4,19.5,5.5,15.691,5.128,0.692,1.024,0.702,0,0,0,6.974,0.541,1.50183E+13
Australia,2008,11.6,17.9,5.3,17.051,4.449,0.176,2.313,3.277,0.312,0.444,0.262,5.696,0.123,1.10159E+12
Austria,2008,15.8,24.6,7.5,25.516,10.532,1.862,2.161,2.713,0.647,0.826,0.15,6.256,0.369,3.99877E+11
Belgium,2008,20.3,29.5,11.4,26.466,7.529,1.979,2.289,2.675,0.691,3.086,0.225,7.271,0.722,4.77202E+11
Canada,2008,11.5,17.1,6.1,16.349,3.731,0.377,0.879,1.218,0.285,0.639,0.388,6.786,2.048,1.61233E+12
Chile,2008,12.2,19.9,4.8,9.62,2.557,0.773,0.775,1.15,0.227,0.057,0.808,2.934,0.339,5.79645E+11
Denmark,2008,13.1,17.3,9,26.324,8.149,0.028,5.397,3.725,1.34,0,0.627,6.317,0.74,2.09752E+11
Estonia,2008,19.4,32.8,7.9,15.121,6.091,0.108,2.207,2.1,0.066,0.248,0.022,4.206,0.074,3.45692E+12
Finland,2008,20.6,32.1,9.5,23.323,8.187,0.786,3.493,2.778,0.781,1.385,0.4,4.931,0.582,3.3239E+11
France,2008,18.2,26.7,10.4,28.52,10.985,1.602,1.54,2.828,0.824,1.242,0.791,8.044,0.664,1.47388E+12
Germany,2008,12.5,19,6.4,24.353,8.348,2.021,1.843,1.906,0.881,1.234,0.604,7.379,0.137,22412683023
Greece,2008,3.4,5.7,1.2,21.571,10.404,2.101,1.587,0.839,0.15,0.658,0.064,5.768,0,2.62699E+11
Hungary,2008,25.4,41,11.3,22.659,8.623,1.311,2.703,3.245,0.343,0.717,0.697,4.89,0.129,2.66876E+12
Iceland,2008,14.8,20.7,8.9,14.852,2.124,0.018,2.269,3.454,0.04,0.305,0.638,5.475,0.529,2.53562E+12
Ireland,2008,12.2,18.6,5.9,19.2,3.194,0.885,2.236,2.74,0.69,1.385,0.429,7.22,0.421,3.30948E+11
Israel,2008,5.3,8.7,2,14.805,4.32,0.681,2.48,1.834,0.131,0.261,0.126,4.27,0.702,1.3982E+11
Italy,2008,6.9,10.5,3.4,24.993,11.939,2.332,1.613,1.362,0.446,0.489,0.026,6.628,0.159,2.29875E+11
Japan,2008,24.4,35.4,13.9,18.641,8.838,1.302,0.831,0.747,0.104,0.211,0.078,6.335,0.196,15200761233
Korea,2008,28.6,36.7,20.4,7.264,1.685,0.261,0.578,0.541,0.226,0.248,0,3.091,0.635,2.19555E+11
Latvia,2008,26.4,46.6,9.3,12.993,5.108,0.227,1.535,1.895,0.125,0.448,0,3.388,0.106,2.21505E+12
Lithuania,2008,37.8,67.5,12.4,16.555,6.337,0.507,2.308,2.315,0.237,0.199,0,4.479,0.171,5.78407E+12
Luxembourg,2008,13.4,19.2,7.8,21.937,5.509,1.896,2.852,4.055,0.452,0.865,0,5.709,0.415,1.06275E+12
Mexico,2008,4.4,7.1,1.7,6.704,1.116,0.198,0.046,1.018,0.011,0,0,2.617,0.518,42901108442
Netherlands,2008,9,12.4,5.6,15.479,4.999,0.218,2.779,1.447,0.944,0,0,2.861,1.085,53056322729
New Zealand,2008,12.4,18.6,6.5,19.843,4.206,0.143,2.851,3.279,0.373,0,0,7.368,0.526,29132531661
Norway,2008,11.8,15.8,7.7,19.273,5.992,0.266,3.925,2.727,0.507,0,0,4.975,0.573,1.06246E+12
Poland,2008,17,30.2,4.7,20.211,8.911,1.959,2.503,1.246,0.551,0,0,4.568,0.163,8.67135E+11
Portugal,2008,13.1,20.6,6.2,22.161,9.354,1.603,1.923,1.234,0.536,0,0,6.387,0.246,4.33251E+11
Slovakia,2008,12.7,22.3,3.6,14.889,5.097,0.779,1.424,1.3,0.253,0,0,5.243,0.341,1.44584E+11
Slovenia,2008,20.6,32.7,8.8,19.88,7.883,1.536,2.049,1.746,0,0,0,5.777,0.42,4.49794E+11
Spain,2008,7.8,12,3.6,22.326,6.977,1.943,2.523,1.332,0,0,0,6.142,0.228,2.41353E+11
Sweden,2008,15,21.2,9,25.409,8.656,0.494,4.523,3.302,0,0,0,6.166,0.583,90224630923
Switzerland,2008,18.8,24.3,13.4,14.453,5.525,0.502,2.844,1.369,0,0,0,2.517,0.442,51402771550
Turkey,2008,2.4,3.5,1.3,11.106,5.357,1.18,0.252,0.296,0,0,0,3.823,0.123,4.89189E+11
United Kingdom of Great Britain and Northern Ireland,2008,8.1,12.6,3.8,21.052,6.137,0.073,1.828,3.339,0,0,0,7.5,0.194,7.52894E+11
United States of America,2008,12.7,20,5.6,16.3,5.29,0.694,1.064,0.704,0,0,0,7.259,0.596,1.49978E+13
Australia,2009,11.2,16.9,5.6,16.869,4.298,0.176,2.331,2.667,0.345,0.541,0.347,5.934,0.229,1.12292E+12
Austria,2009,16,24.8,7.6,27.467,11.401,1.932,2.313,2.921,0.808,1.053,0.16,6.51,0.369,3.84823E+11
Belgium,2009,20.6,29.7,11.8,28.761,8.108,2.074,2.497,2.846,0.736,3.579,0.242,7.875,0.804,4.67559E+11
Canada,2009,12,18.1,5.9,18.08,4.035,0.396,0.923,1.311,0.342,0.947,0.418,7.407,2.302,1.56511E+12
Chile,2009,12.7,20.6,5,11.489,2.767,0.802,0.894,1.674,0.248,0.066,0.993,3.681,0.365,5.66765E+11
Denmark,2009,12.9,19.3,6.5,29.282,8.956,0.028,5.861,4.06,1.609,0,0.675,7.195,0.899,2.06471E+11
Estonia,2009,23.3,41.7,7.3,19.313,7.74,0.119,2.627,2.546,0.231,1.06,0.034,4.845,0.112,3.26009E+12
Finland,2009,20.4,30.3,10.9,26.902,9.672,0.879,3.908,3.119,0.87,1.873,0.468,5.373,0.738,3.16081E+11
France,2009,18.4,27,10.4,31.021,11.845,1.682,1.605,3.023,1.007,1.548,0.834,8.646,0.831,1.41841E+12
Germany,2009,12.8,19.4,6.4,26.8,8.932,2.138,2.001,2.177,0.995,1.622,0.678,8.113,0.144,19177666092
Greece,2009,3.6,6.2,1.1,23.912,11.24,2.325,1.73,0.954,0.22,0.946,0.07,6.427,0,2.41487E+11
Hungary,2009,25.4,41.1,11.1,23.25,8.768,1.309,2.726,3.395,0.465,0.848,0.669,4.947,0.124,2.59208E+12
Iceland,2009,14.3,19.9,8.5,16.994,2.021,0.019,2.496,3.642,0.035,1.544,0.899,5.677,0.662,2.42791E+12
Ireland,2009,14,22.8,5.4,23.106,3.926,1.035,2.571,3.204,0.818,2.528,0.386,8.082,0.556,3.16714E+11
Israel,2009,6,9.3,2.7,15.365,4.554,0.715,2.52,1.925,0.134,0.397,0.118,4.326,0.677,1.30453E+11
Italy,2009,7,10.8,3.4,27.023,12.791,2.518,1.765,1.507,0.452,0.771,0.031,7.01,0.179,2.18199E+11
Japan,2009,24.9,36.6,13.8,20.809,9.846,1.371,0.941,0.812,0.293,0.343,0.093,6.866,0.244,14170572950
Korea,2009,34.2,44,24.4,8.069,1.771,0.272,0.589,0.649,0.412,0.342,0,3.422,0.612,2.21584E+11
Latvia,2009,26.3,46.6,9.2,18.086,7.455,0.304,2.228,2.425,0.312,1.435,0,3.659,0.142,2.09807E+12
Lithuania,2009,39.2,70.7,12.2,21.817,8.245,0.621,2.846,3.456,0.295,0.667,0,5.33,0.355,5.47078E+12
Luxembourg,2009,11.3,16.3,6.4,24.037,6.264,2.055,2.825,4.089,0.5,1.185,0,6.294,0.486,1.07118E+12
Mexico,2009,4.6,7.5,1.8,7.262,1.35,0.199,0.051,0.989,0.012,0,0,2.861,0.555,36535180972
Netherlands,2009,9.5,13.3,5.7,17.072,5.537,0.217,3.073,1.572,1.09,0,0,3.06,1.124,50743806373
New Zealand,2009,11.5,17.8,5.5,20.892,4.385,0.157,2.757,3.502,0.388,0,0,7.8,0.543,24978314629
Norway,2009,13,18.5,7.4,22.509,6.895,0.295,4.556,3.185,0.595,0,0,5.67,0.756,1.0063E+12
Poland,2009,19.2,33.9,5.4,21.304,9.73,1.973,2.494,1.287,0.611,0,0,4.72,0.158,8.35338E+11
Portugal,2009,13.1,20.6,6.1,24.55,10.228,1.746,2.008,1.446,0.746,0,0,6.909,0.298,4.25769E+11
Slovakia,2009,13.1,24.1,2.7,17.722,6.283,0.906,1.805,1.554,0.248,0,0,5.841,0.392,1.44373E+11
Slovenia,2009,22.5,35.5,9.8,22.428,8.982,1.692,2.146,2.051,0,0,0,6.241,0.498,4.62533E+11
Spain,2009,7.6,11.8,3.5,25.613,7.887,2.098,2.64,1.487,0,0,0,6.837,0.239,2.33818E+11
Sweden,2009,15.7,22.1,9.5,27.249,9.431,0.51,4.553,3.481,0,0,0,6.597,0.659,85302396201
Switzerland,2009,16,22.9,9.3,16.036,5.959,0.528,3.118,1.481,0,0,0,2.736,0.472,47522665316
Turkey,2009,2.4,3.5,1.3,13.022,6.375,1.166,0.354,0.342,0,0,0,4.455,0.141,4.67959E+11
United Kingdom of Great Britain and Northern Ireland,2009,8,12.5,3.7,23.185,6.626,0.071,1.965,3.687,0,0,0,8.187,0.203,7.16581E+11
United States of America,2009,12.8,20,5.7,18.358,5.806,0.742,1.182,0.738,0,0,0,7.816,0.721,1.46173E+13
Australia,2010,11.7,17.7,5.7,16.561,4.282,0.164,2.329,2.558,0.326,0.503,0.367,5.787,0.246,1.14614E+12
Austria,2010,16.1,25.1,7.6,27.563,11.584,1.892,2.328,2.953,0.814,0.995,0.156,6.461,0.382,3.91893E+11
Belgium,2010,20.5,29.1,12.2,28.448,8.054,2.002,2.522,2.826,0.72,3.527,0.216,7.781,0.8,4.80952E+11
Canada,2010,12.1,17.8,6.4,17.594,3.908,0.377,0.878,1.263,0.326,0.79,0.426,7.356,2.269,1.61346E+12
Chile,2010,11.6,19.1,4.4,10.574,2.689,0.721,0.808,1.48,0.251,0.104,1.003,3.191,0.326,5.83783E+11
Denmark,2010,11.8,16.5,7.2,29.637,8.988,0.026,5.897,3.893,2.022,0,0.673,6.953,1.185,2.18538E+11
Estonia,2010,18.8,32.7,6.6,17.994,7.516,0.102,2.266,2.536,0.223,0.581,0.048,4.579,0.142,3.39635E+12
Finland,2010,18.6,28.2,9.3,27.36,9.989,0.881,3.872,3.098,0.995,1.923,0.491,5.357,0.755,3.21995E+11
France,2010,18.2,26.5,10.4,31.084,11.93,1.681,1.619,2.946,1.128,1.593,0.826,8.575,0.786,1.42072E+12
Germany,2010,13.2,20,6.8,26.046,8.678,2.058,1.978,2.177,0.894,1.467,0.662,7.991,0.142,19693608289
Greece,2010,3.5,6.3,0.7,24.806,11.851,2.382,1.834,0.97,0.231,0.929,0.053,6.557,0,2.49181E+11
Hungary,2010,25.5,41.6,11,22.998,8.863,1.273,2.377,3.387,0.628,0.796,0.516,5.038,0.12,2.64261E+12
Iceland,2010,12.8,19.7,5.8,16.44,1.957,0.019,2.422,3.538,0.061,1.451,0.972,5.332,0.688,2.47524E+12
Ireland,2010,11.9,18.5,5.4,23.781,4.631,0.465,2.612,2.95,0.896,3.178,0.739,8.001,0.309,2.99362E+11
Israel,2010,6.7,11,2.5,15.459,4.622,0.699,2.517,2.009,0.132,0.321,0.105,4.407,0.646,1.31917E+11
Italy,2010,6.9,10.8,3.2,27.004,12.989,2.493,1.729,1.35,0.417,0.817,0.03,6.995,0.184,2.22149E+11
Japan,2010,24.1,34.9,13.8,21.161,9.78,1.365,0.898,1.139,0.285,0.259,0.103,7.077,0.255,13683689693
Korea,2010,34,44.9,23,7.86,1.791,0.271,0.502,0.669,0.288,0.279,0,3.512,0.548,2.33996E+11
Latvia,2010,22.5,42.1,5.9,19.466,9.23,0.304,2.077,2.149,0.558,1.068,0,3.694,0.241,2.13402E+12
Lithuania,2010,37.2,65.8,12.9,19.466,7.344,0.538,2.249,2.851,0.303,0.559,0,4.901,0.695,5.7001E+12
Luxembourg,2010,12,17.3,6.8,23.139,6.075,1.932,2.725,3.941,0.546,1.159,0,5.97,0.492,1.14407E+12
Mexico,2010,4.5,7.5,1.7,7.368,1.443,0.201,0.052,1.04,0.011,0,0,2.907,0.525,37138464733
Netherlands,2010,9.8,13.9,5.8,17.467,5.647,0.199,3.24,1.527,1.098,0,0,3.095,1.065,53212476812
New Zealand,2010,12.6,18.3,7.2,20.625,4.449,0.149,2.565,3.436,0.357,0,0,7.781,0.435,23877564356
Norway,2010,12.4,16.7,8,22.099,6.889,0.286,4.179,3.149,0.62,0,0,5.59,0.75,1.0578E+12
Poland,2010,18.6,33.4,4.8,20.746,9.147,1.985,2.464,1.335,0.68,0,0,4.601,0.203,8.46555E+11
Portugal,2010,13.6,21.2,6.6,24.521,10.364,1.763,1.932,1.388,0.672,0,0,6.863,0.301,4.28757E+11
Slovakia,2010,13.6,23.9,3.9,17.423,6.17,0.874,1.799,1.578,0.321,0,0,5.567,0.424,1.46619E+11
Slovenia,2010,20.7,34,7.6,23.355,9.412,1.666,2.258,2.116,0,0,0,6.288,0.569,4.79834E+11
Spain,2010,6.9,10.9,3.1,24.895,7.699,2.134,2.503,1.424,0,0,0,6.788,0.189,2.37881E+11
Sweden,2010,14.7,20.8,8.7,25.907,8.934,0.453,4.135,3.389,0,0,0,6.254,0.662,90310718349
Switzerland,2010,14.5,19.9,9.2,15.716,5.927,0.512,2.852,1.503,0,0,0,2.672,0.465,48161250405
Turkey,2010,2.4,3.6,1.3,12.336,6.227,1.22,0.369,0.317,0,0,0,3.942,0.117,4.95813E+11
United Kingdom of Great Britain and Northern Ireland,2010,7.8,12.1,3.7,23.332,6.635,0.065,1.971,3.941,0,0,0,8.103,0.202,7.76968E+11
United States of America,2010,13.1,20.5,5.8,19.095,5.917,0.728,1.206,0.745,0,0,0,7.997,0.892,1.49921E+13
Australia,2011,11.2,16.8,5.7,17.015,4.531,0.155,2.392,2.571,0.307,0.509,0.38,5.912,0.258,1.17437E+12
Austria,2011,16.5,25.4,8,26.744,11.45,1.812,2.302,2.696,0.725,0.899,0.139,6.33,0.391,4.03347E+11
Belgium,2011,21.1,29.7,12.8,28.893,8.326,1.986,2.577,2.859,0.722,3.503,0.226,7.896,0.798,4.89101E+11
Canada,2011,11.3,16.5,6.1,17.078,3.944,0.34,0.843,1.224,0.263,0.647,0.348,7.243,2.227,1.66424E+12
Chile,2011,11.7,19.4,4.2,10.112,2.551,0.685,0.763,1.304,0.245,0.035,1.009,3.193,0.326,5.93665E+11
Denmark,2011,12.6,18.1,7.1,29.776,9.206,0.023,5.827,3.921,2.019,0,0.688,6.843,1.249,2.31892E+11
Estonia,2011,18.2,32.3,5.9,16.038,6.652,0.084,2.144,2.212,0.219,0.304,0.048,4.234,0.142,3.52967E+12
Finland,2011,17.9,28,8.2,27.024,10.077,0.824,3.757,3.071,0.974,1.629,0.491,5.4,0.801,3.263E+11
France,2011,18,26.6,9.9,30.776,12.057,1.67,1.63,2.888,0.931,1.498,0.818,8.518,0.766,1.40915E+12
Germany,2011,13.2,20,6.7,24.745,8.329,1.963,1.927,2.136,0.769,1.133,0.612,7.733,0.144,21159587907
Greece,2011,4.4,7.3,1.5,25.988,13.372,2.51,1.978,1.003,0.11,1.048,0.035,5.932,0.001,2.55529E+11
Hungary,2011,25.1,40.3,11.5,22.305,9.016,1.252,2.133,3.182,0.479,0.748,0.392,5.006,0.097,2.70055E+12
Iceland,2011,11.6,17.7,5.4,16.549,2.391,0.018,2.555,3.286,0.09,1.354,1.345,4.919,0.59,2.51337E+12
Ireland,2011,12.5,20.6,4.6,22.959,4.722,0.467,2.489,2.81,0.899,2.802,0.746,7.747,0.277,2.72022E+11
Israel,2011,5.7,9,2.4,15.236,4.623,0.686,2.493,1.939,0.125,0.293,0.096,4.368,0.613,1.34472E+11
Italy,2011,7.4,11.6,3.3,26.614,12.991,2.472,1.653,1.342,0.404,0.791,0.028,6.757,0.176,2.22912E+11
Japan,2011,23.4,32.8,14.3,22.196,9.956,1.383,0.939,1.199,0.31,0.255,0.111,7.6,0.443,13941164773
Korea,2011,34.5,47,21.9,7.814,1.827,0.282,0.522,0.673,0.238,0.256,0,3.519,0.496,2.45189E+11
Latvia,2011,22.7,41,7.2,16.579,7.911,0.257,1.821,1.732,0.375,0.544,0,3.535,0.254,2.14911E+12
Lithuania,2011,38.1,66.2,14.2,17.419,6.629,0.469,1.946,2.352,0.26,0.374,0,4.618,0.744,5.69352E+12
Luxembourg,2011,11.9,16.5,7.4,21.19,5.732,1.743,2.626,3.525,0.597,1.086,0,5.083,0.519,1.18623E+12
Mexico,2011,5.2,8.6,2,7.222,1.501,0.202,0.049,1.001,0.008,0,0,2.926,0.48,39381259649
Netherlands,2011,10.1,14,6.2,17.54,5.745,0.179,3.182,1.501,1.015,0,0,3.138,1.166,54563667056
New Zealand,2011,11.4,17.4,5.5,20.241,4.596,0.142,2.465,3.326,0.333,0,0,7.69,0.41,25422168166
Norway,2011,13.3,18.8,7.7,21.58,7.083,0.29,3.801,3.109,0.562,0,0,5.458,0.721,1.09655E+12
Poland,2011,18,32.5,4.4,19.556,8.754,1.858,2.393,1.288,0.407,0,0,4.418,0.151,8.59687E+11
Portugal,2011,12.3,19.8,5.4,24.402,11.002,1.777,1.937,1.208,0.579,0,0,6.455,0.247,4.32965E+11
Slovakia,2011,12.9,22.9,3.5,17.137,6.167,0.852,1.811,1.626,0.287,0,0,5.428,0.392,1.50078E+11
Slovenia,2011,21.6,34.5,8.9,23.441,9.6,1.667,2.19,2.13,0,0,0,6.268,0.554,5.02663E+11
Spain,2011,7.1,10.8,3.4,25.534,8.114,2.204,2.475,1.339,0,0,0,6.738,0.195,2.33846E+11
Sweden,2011,14.2,19.6,8.9,25.321,8.625,0.416,4.024,3.388,0,0,0,6.26,0.638,92882061539
Switzerland,2011,14.6,20.2,9.2,15.648,6.037,0.511,2.912,1.51,0,0,0,2.751,0.469,48576076611
Turkey,2011,2.2,3.3,1.2,11.858,5.794,1.377,0.405,0.33,0,0,0,3.709,0.114,5.11655E+11
United Kingdom of Great Britain and Northern Ireland,2011,8.3,12.8,3.9,23.09,6.646,0.061,1.982,3.854,0,0,0,8.065,0.172,8.63989E+11
United States of America,2011,13.4,20.9,6,18.801,6.035,0.705,1.206,0.721,0,0,0,7.982,0.914,1.52246E+13
Australia,2012,11.7,17.1,6.4,17.302,4.64,0.146,2.435,2.751,0.264,0.566,0.399,5.859,0.241,1.22038E+12
Austria,2012,16.3,25.7,7.3,27.11,11.746,1.816,2.28,2.642,0.721,0.901,0.128,6.455,0.42,4.06092E+11
Belgium,2012,20.8,30.2,11.8,28.804,8.408,1.936,2.684,2.812,0.714,3.253,0.25,8.03,0.717,4.92717E+11
Canada,2012,11.8,17.5,6.2,17.219,4.083,0.365,0.823,1.231,0.242,0.587,0.339,7.331,2.218,1.69357E+12
Chile,2012,10.5,17.5,3.8,10.21,2.449,0.686,0.741,1.368,0.235,0.017,0.997,3.366,0.351,5.99638E+11
Denmark,2012,12.8,18.8,6.9,29.927,9.394,0.021,5.814,3.804,1.942,0,0.696,6.962,1.295,2.44226E+11
Estonia,2012,21.1,36.5,7.6,15.636,6.482,0.074,2.1,2.024,0.278,0.27,0.043,4.248,0.117,3.54444E+12
Finland,2012,17,25.8,8.4,28.285,10.768,0.836,3.799,3.17,0.985,1.71,0.52,5.639,0.858,3.27039E+11
France,2012,17.8,26.4,9.7,31.211,12.313,1.687,1.655,2.933,0.855,1.564,0.823,8.612,0.769,1.36745E+12
Germany,2012,12.9,18.9,7,24.652,8.335,1.952,1.975,2.167,0.677,1.034,0.59,7.771,0.151,21820792522
Greece,2012,4.8,8,1.7,27.021,14.499,2.626,1.966,1.16,0.105,0.84,0.01,5.812,0.002,2.51958E+11
Hungary,2012,24.8,39.7,11.4,22.604,9.64,1.273,2.022,3.076,0.752,0.54,0.327,4.881,0.092,2.70901E+12
Iceland,2012,13.5,18.3,8.6,16.179,2.399,0.017,2.673,3.358,0.073,1.175,1.037,4.903,0.543,2.55054E+12
Ireland,2012,12.4,20.3,4.5,22.566,4.786,0.475,2.351,2.733,0.887,2.657,0.714,7.703,0.26,2.52163E+11
Israel,2012,6.1,10,2.3,15.525,4.776,0.68,2.512,1.981,0.129,0.315,0.099,4.454,0.58,1.32615E+11
Italy,2012,7.6,11.8,3.6,27.288,13.314,2.566,1.795,1.388,0.455,0.904,0.029,6.665,0.173,2.23415E+11
Japan,2012,21.6,30.7,12.9,22.135,10.132,1.366,0.972,1.146,0.19,0.237,0.115,7.675,0.302,14121903276
Korea,2012,30.2,40.9,19.5,8.329,2.027,0.293,0.55,0.833,0.312,0.255,0,3.536,0.522,2.50723E+11
Latvia,2012,23.5,42.8,7.3,15.359,7.572,0.226,1.725,1.59,0.232,0.423,0,3.265,0.194,2.08505E+12
Lithuania,2012,35,61.6,12.5,16.503,6.746,0.445,1.906,1.953,0.237,0.237,0,4.235,0.713,5.77864E+12
Luxembourg,2012,11.3,15.1,7.7,22.067,6.56,1.898,2.722,3.614,0.626,1.233,0,4.626,0.504,1.21473E+12
Mexico,2012,4.9,7.9,1.9,7.235,1.645,0.162,0.041,0.989,0.01,0,0,3.014,0.442,40895022006
Netherlands,2012,10.7,14.5,7,17.926,6.003,0.16,3.189,1.39,0.869,0,0,3.424,1.206,54371319169
New Zealand,2012,12.7,18.8,6.8,20.401,4.796,0.135,2.436,3.207,0.406,0,0,7.768,0.421,26503048349
Norway,2012,11.4,15.9,6.9,21.504,7.284,0.269,3.715,3.047,0.527,0,0,5.487,0.694,1.13649E+12
Poland,2012,18.5,33.4,4.6,19.78,9.007,1.877,2.358,1.338,0.435,0,0,4.343,0.133,8.50829E+11
Portugal,2012,13.5,22.2,5.6,24.544,11.233,1.861,1.795,1.237,0.496,0,0,6.133,0.244,4.44669E+11
Slovakia,2012,12.6,22.4,3.3,17.244,6.308,0.855,1.855,1.655,0.249,0,0,5.451,0.373,1.53439E+11
Slovenia,2012,22,36.4,7.7,23.473,9.819,1.623,2.118,2.059,0,0,0,6.271,0.637,5.09323E+11
Spain,2012,7.7,11.9,3.6,25.545,8.651,2.321,2.406,1.304,0,0,0,6.603,0.199,2.24358E+11
Sweden,2012,15,20.6,9.4,26.33,9.094,0.408,4.106,3.513,0,0,0,6.395,0.655,94643794862
Switzerland,2012,14.7,20.3,9.3,15.934,6.135,0.508,2.798,1.56,0,0,0,2.949,0.5,47293940819
Turkey,2012,2.2,3.3,1.2,12.004,5.905,1.429,0.448,0.357,0,0,0,3.545,0.162,5.08645E+11
United Kingdom of Great Britain and Northern Ireland,2012,8.2,13,3.7,23.194,6.771,0.058,1.968,3.887,0,0,0,8.038,0.158,9.05361E+11
United States of America,2012,13.5,21.1,6.1,18.533,6.08,0.703,1.226,0.686,0,0,0,7.969,0.889,1.5567E+13
Australia,2013,11.5,17,6.1,17.247,4.841,0.14,2.502,2.691,0.238,0.642,0.368,5.573,0.252,1.25192E+12
Austria,2013,16.2,24.9,7.9,27.517,12.044,1.814,2.261,2.649,0.755,0.984,0.113,6.45,0.447,4.06195E+11
Belgium,2013,19.5,27.4,11.9,29.198,8.72,1.926,2.771,2.846,0.718,3.232,0.243,8.023,0.719,4.9498E+11
Canada,2013,12.1,17.9,6.4,16.978,4.106,0.353,0.788,1.197,0.234,0.561,0.318,7.271,2.148,1.73301E+12
Chile,2013,9.8,16.2,3.6,10.117,2.401,0.605,0.715,1.41,0.218,0.052,0.825,3.547,0.344,6.10743E+11
Denmark,2013,12.1,17.4,6.9,29.892,9.49,0.02,5.589,3.732,1.933,0,0.689,7.037,1.403,2.54105E+11
Estonia,2013,18.9,32.4,7.2,15.575,6.45,0.066,2.147,1.902,0.23,0.326,0.039,4.312,0.103,3.55995E+12
Finland,2013,17.2,26,8.7,29.398,11.366,0.852,3.808,3.194,1.003,1.926,0.556,5.807,0.885,3.30091E+11
France,2013,17,25,9.4,31.705,12.537,1.689,1.661,3.001,0.856,1.617,0.836,8.723,0.785,1.34782E+12
Germany,2013,13.4,19.9,7.2,24.834,8.272,1.925,2.033,2.21,0.645,1.034,0.589,7.953,0.172,22114540699
Greece,2013,5,8.1,2,25.249,13.533,2.511,1.851,1.322,0.205,0.692,0.002,5.133,0.001,2.49686E+11
Hungary,2013,22.1,35,10.4,22.224,9.501,1.244,1.918,2.976,0.872,0.468,0.313,4.831,0.1,2.72462E+12
Iceland,2013,13.9,20.3,7.3,15.714,2.372,0.016,2.731,3.448,0.061,0.851,0.685,4.889,0.661,2.60511E+12
Ireland,2013,11.4,18.2,4.7,21.454,4.647,0.453,2.35,2.521,0.861,2.413,0.68,7.332,0.196,2.4399E+11
Israel,2013,5.2,7.9,2.6,15.482,4.684,0.647,2.493,1.977,0.118,0.33,0.096,4.49,0.648,1.35083E+11
Italy,2013,7.5,11.6,3.7,27.894,13.671,2.651,1.831,1.427,0.423,1.039,0.028,6.648,0.176,2.26435E+11
Japan,2013,21.4,30.2,12.9,22.064,10.146,1.334,0.984,1.142,0.174,0.212,0.116,7.666,0.289,14705681737
Korea,2013,30.6,42.5,18.6,8.825,2.097,0.266,0.54,1.143,0.35,0.259,0,3.614,0.557,2.61123E+11
Latvia,2013,20.6,37.7,6.2,15.529,7.523,0.21,1.797,1.781,0.238,0.485,0,3.238,0.142,2.04666E+12
Lithuania,2013,40.5,71.6,13.9,15.491,6.397,0.415,1.813,1.718,0.243,0.221,0,4.065,0.59,5.89423E+12
Luxembourg,2013,11.3,15.5,7,22.267,6.669,1.856,2.688,3.615,0.625,1.427,0,4.593,0.488,1.25318E+12
Mexico,2013,5.2,8.5,2,7.566,1.826,0.173,0.037,0.977,0.01,0,0,3.135,0.546,42346825076
Netherlands,2013,11.8,16.3,7.5,18.134,6.157,0.137,3.068,1.322,0.823,0,0,3.333,1.328,56358249075
New Zealand,2013,12.2,17.6,7,19.718,4.771,0.061,2.506,2.846,0.391,0,0,7.495,0.423,27115315432
Norway,2013,11.8,15.6,7.9,21.969,7.636,0.257,3.734,3.088,0.504,0,0,5.556,0.725,1.15188E+12
Poland,2013,18.2,32.6,4.8,20.476,9.317,1.934,2.402,1.408,0.488,0,0,4.481,0.142,8.49721E+11
Portugal,2013,12.5,19.9,5.9,25.543,12.132,1.893,1.896,1.238,0.502,0,0,6.075,0.198,4.49267E+11
Slovakia,2013,12.3,21.9,3.2,17.576,6.542,0.87,1.861,1.681,0.22,0,0,5.572,0.371,1.57472E+11
Slovenia,2013,22.2,36.1,8.6,23.802,10.177,1.61,2.073,1.928,0,0,0,6.238,0.645,5.15056E+11
Spain,2013,8.5,12.8,4.2,25.698,9.158,2.413,2.418,1.311,0,0,0,6.439,0.209,2.22288E+11
Sweden,2013,15.9,21.5,10.3,27.003,9.437,0.39,4.191,3.568,0,0,0,6.477,0.696,95274628920
Switzerland,2013,15.1,21,9.3,16.222,6.196,0.502,2.898,1.589,0,0,0,2.922,0.52,46807152434
Turkey,2013,2.3,3.3,1.2,11.804,5.808,1.413,0.447,0.381,0,0,0,3.451,0.162,5.14687E+11
United Kingdom of Great Britain and Northern Ireland,2013,8.8,14,3.8,22.37,6.607,0.054,1.925,3.653,0,0,0,7.819,0.136,9.82188E+11
United States of America,2013,13.5,21,6.2,18.484,6.241,0.688,1.211,0.666,0,0,0,7.997,0.884,1.58538E+13
Australia,2014,12.7,18.9,6.5,17.78,5.05,0.133,2.556,2.742,0.253,0.671,0.393,5.731,0.25,1.28364E+12
Austria,2014,16.5,25.3,8.1,27.731,12.244,1.775,2.222,2.608,0.788,1.001,0.121,6.51,0.462,4.08881E+11
Belgium,2014,19.4,27,12.1,29.105,8.776,1.867,2.846,2.863,0.736,3.214,0.248,7.914,0.64,5.02793E+11
Canada,2014,12.7,18.7,6.8,16.903,4.184,0.344,0.766,1.171,0.222,0.562,0.307,7.238,2.109,1.78275E+12
Chile,2014,9.9,16.4,3.5,10.385,2.39,0.574,0.694,1.526,0.226,0.055,0.84,3.727,0.353,6.25702E+11
Denmark,2014,12,17.3,6.7,29.877,9.651,0.018,5.408,3.619,2.034,0,0.698,7.039,1.411,2.58594E+11
Estonia,2014,19.5,33.7,7.2,15.949,6.413,0.061,2.127,2.349,0.193,0.291,0.032,4.386,0.099,3.63861E+12
Finland,2014,15.4,23.6,7.5,30.121,11.803,0.841,3.775,3.161,1.054,2.188,0.599,5.811,0.889,3.35437E+11
France,2014,15.6,22.9,8.8,32.027,12.623,1.676,1.674,3.007,0.915,1.615,0.837,8.864,0.816,1.36647E+12
Germany,2014,13.4,20.1,6.9,24.773,8.221,1.879,2.036,2.208,0.653,0.972,0.572,8.034,0.198,22775173863
Greece,2014,5.3,8.6,2.2,25.309,13.922,2.539,1.849,1.363,0.308,0.516,0.001,4.527,0.284,2.48775E+11
Hungary,2014,20.4,32.7,9.3,21.46,9.003,1.15,1.914,2.941,0.957,0.356,0.286,4.744,0.107,2.75068E+12
Iceland,2014,15.7,22,9.4,15.915,2.511,0.016,2.845,3.539,0.05,0.661,0.674,4.961,0.658,2.67303E+12
Ireland,2014,11,18.1,4,19.647,4.324,0.411,2.183,2.257,0.784,2.019,0.634,6.871,0.163,2.45795E+11
Israel,2014,5.1,7.8,2.5,15.429,4.764,0.638,2.541,1.823,0.12,0.326,0.085,4.516,0.615,1.40796E+11
Italy,2014,7.2,11.2,3.5,28.157,13.57,2.656,1.847,1.767,0.38,1.014,0.032,6.689,0.203,2.4581E+11
Japan,2014,20.1,28.2,12.3,21.831,9.967,1.288,0.978,1.189,0.158,0.185,0.114,7.627,0.324,15011945671
Korea,2014,29,40.7,17.2,9.19,2.346,0.279,0.532,1.123,0.343,0.266,0,3.711,0.589,2.70937E+11
Latvia,2014,20.7,36.9,7.1,15.354,7.216,0.195,1.873,1.912,0.192,0.486,0,3.256,0.126,2.04657E+12
Lithuania,2014,35.6,63.8,11.6,15.629,6.643,0.406,1.82,1.682,0.237,0.192,0,4.188,0.415,5.91632E+12
Luxembourg,2014,12.7,16.2,9.1,21.852,6.548,1.792,2.715,3.45,0.641,1.382,0,4.539,0.48,1.29331E+12
Mexico,2014,5.7,9.2,2.3,7.566,2.013,0.198,0.035,0.969,0.009,0,0,2.904,0.568,43844636463
Netherlands,2014,11.6,15.5,7.7,17.932,6.236,0.115,2.947,1.261,0.821,0,0,3.3,1.268,58779842603
New Zealand,2014,11.3,17,5.8,19.748,5.017,0.062,2.521,2.698,0.339,0,0,7.495,0.443,27406434701
Norway,2014,11.6,16.6,6.7,22.909,8.051,0.258,3.838,3.161,0.507,0,0,5.854,0.742,1.1847E+12
Poland,2014,17.4,31,4.6,20.176,9.277,1.912,2.339,1.389,0.479,0,0,4.389,0.134,8.61816E+11
Portugal,2014,14.2,22.3,7,25.076,12.133,1.892,1.807,1.229,0.571,0,0,5.963,0.183,4.58115E+11
Slovakia,2014,12.9,22.6,3.7,17.654,6.815,0.872,1.849,1.676,0.202,0,0,5.53,0.325,1.63182E+11
Slovenia,2014,19.6,32.8,6.5,23.094,9.97,1.522,1.992,1.847,0,0,0,6.046,0.713,5.32458E+11
Spain,2014,8.6,12.9,4.3,25.367,9.411,2.429,2.433,1.275,0,0,0,6.387,0.216,2.24049E+11
Sweden,2014,14.8,19.6,10,26.638,9.188,0.352,4.139,3.549,0,0,0,6.51,0.747,97791393748
Switzerland,2014,14.7,19.8,9.7,16.133,6.246,0.493,2.706,1.643,0,0,0,2.912,0.542,48102848757
Turkey,2014,2.3,3.4,1.3,11.696,5.769,1.415,0.452,0.371,0,0,0,3.374,0.16,5.28366E+11
United Kingdom of Great Britain and Northern Ireland,2014,8.6,13.4,4,21.864,6.539,0.052,1.81,3.485,0,0,0,7.855,0.122,1.03071E+12
United States of America,2014,14,21.6,6.5,18.47,6.31,0.671,1.175,0.644,0,0,0,8.215,0.832,1.62543E+13
Australia,2015,13.2,19.7,6.8,18.148,5.177,0.12,2.539,2.662,0.232,0.683,0.394,6.013,0.326,1.31178E+12
Austria,2015,16,24.8,7.6,27.735,12.199,1.746,2.136,2.646,0.742,1.059,0.12,6.526,0.561,4.13029E+11
Belgium,2015,18.6,25.8,11.7,29.517,9.691,1.814,2.886,2.779,0.706,2.903,0.229,7.896,0.613,5.13057E+11
Canada,2015,13,19.2,6.9,17.931,4.364,0.348,0.755,1.557,0.236,0.621,0.305,7.55,2.196,1.7945E+12
Chile,2015,10,16,4.1,10.899,2.35,0.573,0.731,1.702,0.287,0.085,0.797,3.987,0.388,6.34045E+11
Denmark,2015,10.9,14.7,7.2,29.869,9.697,0.015,5.206,3.519,2.043,0,0.7,7.112,1.576,2.64551E+11
Estonia,2015,15.9,27.9,5.4,17.154,6.887,0.059,2.234,2.766,0.21,0.324,0.026,4.562,0.088,3.69289E+12
Finland,2015,14,21.7,6.6,30.506,12.249,0.82,3.585,3.082,0.995,2.348,0.685,5.869,0.872,3.43294E+11
France,2015,15.8,23.7,8.4,31.791,12.575,1.644,1.679,2.947,0.906,1.608,0.825,8.787,0.82,1.41888E+12
Germany,2015,13.3,19.5,7.3,24.997,8.331,1.839,2.08,2.243,0.632,0.918,0.556,8.106,0.292,23195350012
Greece,2015,5,8.2,2,25.382,14.176,2.647,1.866,1.277,0.224,0.485,0.029,4.616,0.062,2.50128E+11
Hungary,2015,19.9,31,9.9,20.439,8.446,1.075,1.769,2.837,0.878,0.361,0.258,4.698,0.117,2.78129E+12
Iceland,2015,14.3,22.5,5.9,15.083,2.411,0.014,2.695,3.309,0.046,0.489,0.551,4.882,0.685,2.736E+12
Ireland,2015,9.3,14.7,4,14.874,3.358,0.316,1.667,1.682,0.564,1.398,0.496,5.271,0.122,2.44719E+11
Israel,2015,4.5,7.1,2.1,15.411,4.713,0.615,2.588,1.849,0.116,0.307,0.061,4.507,0.655,1.46173E+11
Italy,2015,7.1,10.9,3.6,28.333,13.591,2.633,1.825,1.952,0.504,0.994,0.035,6.593,0.206,3.07662E+11
Japan,2015,19.1,27.2,11.4,22.231,9.989,1.254,1.041,1.428,0.151,0.174,0.117,7.73,0.346,15724860715
Korea,2015,28,39.5,16.5,9.636,2.554,0.291,0.555,1.127,0.334,0.274,0,3.816,0.66,2.77142E+11
Latvia,2015,21.6,37.2,8.4,15.767,7.157,0.184,2.077,2.151,0.144,0.525,0,3.335,0.107,2.0625E+12
Lithuania,2015,34.9,61.7,11.9,15.939,6.543,0.377,2.003,1.753,0.308,0.227,0,4.36,0.312,5.98867E+12
Luxembourg,2015,12.2,16.6,7.7,21.62,6.671,1.704,2.609,3.369,0.66,1.385,0,4.42,0.493,1.32964E+12
Mexico,2015,5.6,9,2.3,7.676,2.049,0.188,0.035,1.029,0.005,0,0,3.001,0.475,44732307938
Netherlands,2015,11.8,15.7,7.9,17.598,6.086,0.09,3.384,1.441,0.759,0,0,2.712,1.235,61311156256
New Zealand,2015,11.7,17.1,6.5,19.36,4.911,0.063,2.511,2.611,0.338,0,0,7.358,0.452,28504576016
Norway,2015,12.5,16.2,8.7,24.788,8.583,0.263,4.32,3.266,0.517,0,0,6.436,0.83,1.22372E+12
Poland,2015,15.9,28.4,4.1,20.23,9.236,1.879,2.348,1.515,0.463,0,0,4.436,0.13,8.78701E+11
Portugal,2015,13.2,19.2,7.8,24.049,11.575,1.859,1.779,1.197,0.546,0,0,5.939,0.172,4.67127E+11
Slovakia,2015,12.4,21.9,3.4,17.228,6.68,0.845,1.824,1.617,0.195,0,0,5.415,0.262,1.69087E+11
Slovenia,2015,21,33.3,8.9,22.651,9.782,1.493,1.952,1.782,0,0,0,6.097,0.739,5.55015E+11
Spain,2015,7.9,11.8,4.1,24.702,9.27,2.341,2.404,1.237,0,0,0,6.509,0.217,2.28064E+11
Sweden,2015,15.7,21.8,9.7,26.173,8.951,0.316,4.072,3.467,0,0,0,6.421,0.934,1.025E+11
Switzerland,2015,15,20.5,9.5,16.608,6.339,0.493,2.77,1.8,0,0,0,2.988,0.561,49165960970
Turkey,2015,2.3,3.3,1.3,11.572,5.733,1.399,0.433,0.381,0,0,0,3.234,0.168,5.52086E+11
United Kingdom of Great Britain and Northern Ireland,2015,8.8,13.4,4.4,21.509,6.431,0.05,1.825,3.438,0,0,0,7.794,0.103,1.09342E+12
United States of America,2015,14.4,22.2,6.8,18.539,6.379,0.658,1.139,0.638,0,0,0,8.391,0.792,1.67269E+13
Australia,2016,12.2,18,6.4,17.408,5.046,0.104,2.347,2.402,0.236,0.642,0.37,5.979,0.281,1.34813E+12
Austria,2016,15.5,23.6,7.7,27.718,12.086,1.703,2.045,2.636,0.76,1.083,0.116,6.538,0.75,4.21246E+11
Belgium,2016,19.3,27.1,11.7,28.845,9.614,1.747,2.912,2.766,0.712,2.381,0.234,7.82,0.659,5.19556E+11
Canada,2016,11.9,17.6,6.2,18.279,4.483,0.342,0.742,1.717,0.249,0.647,0.302,7.571,2.226,1.81247E+12
Chile,2016,10,16.8,3.4,11.139,2.251,0.597,0.743,1.786,0.297,0.02,0.827,4.23,0.389,6.44968E+11
Denmark,2016,10.9,15.7,6.1,29.31,9.484,0.015,4.935,3.455,2.023,0,0.68,7.076,1.643,2.69078E+11
Estonia,2016,15.7,26.5,6.2,17.505,6.797,0.057,2.325,2.91,0.232,0.341,0.072,4.671,0.102,3.77524E+12
Finland,2016,15.2,23.8,7,30.449,12.477,0.795,3.402,3,0.978,2.286,0.755,5.666,1.09,3.54438E+11
France,2016,14.9,22.3,8,31.847,12.602,1.623,1.693,2.91,0.94,1.586,0.822,8.831,0.84,1.46189E+12
Germany,2016,13,19.4,6.8,25.254,8.385,1.826,2.11,2.295,0.628,0.873,0.552,8.173,0.412,23934775342
Greece,2016,4.7,7.9,1.6,25.58,14.084,2.619,1.757,1.255,0.18,0.527,0.02,4.989,0.148,2.5716E+11
Hungary,2016,18.7,29.1,9.3,20.296,8.293,1.032,1.682,2.815,0.919,0.31,0.347,4.8,0.097,2.81176E+12
Iceland,2016,13,21.2,4.6,14.952,2.483,0.014,2.674,3.221,0.032,0.398,0.469,4.978,0.683,2.78848E+12
Ireland,2016,10,16.1,4,15.069,3.711,0.322,1.669,1.645,0.49,1.228,0.521,5.371,0.112,2.44251E+11
Israel,2016,5.2,8.4,2.1,15.398,4.665,0.595,2.638,1.897,0.12,0.282,0.057,4.539,0.605,1.49301E+11
Italy,2016,6.6,10.1,3.2,27.907,13.287,2.56,1.795,1.934,0.586,0.972,0.036,6.492,0.246,3.18977E+11
Japan,2016,17.5,24.8,10.5,22.284,10.027,1.222,1.056,1.5,0.146,0.161,0.113,7.631,0.428,16766952996
Korea,2016,27.2,38.3,16,9.87,2.584,0.296,0.56,1.102,0.348,0.281,0,3.977,0.657,2.88178E+11
Latvia,2016,21.3,36.7,8.2,16.14,7.123,0.178,2.165,2.231,0.19,0.599,0,3.467,0.108,2.08918E+12
Lithuania,2016,32.8,59.9,9.6,15.59,6.212,0.358,2.035,1.73,0.297,0.221,0,4.42,0.26,6.01993E+12
Luxembourg,2016,10.2,13.9,6.4,21.02,6.619,1.627,2.43,3.227,0.788,1.174,0,4.343,0.474,1.36882E+12
Mexico,2016,5.6,9.2,2.1,7.501,2.125,0.188,0.034,1.029,0.007,0,0,2.859,0.435,45859037957
Netherlands,2016,11.9,15.8,8,17.473,6.104,0.084,3.334,1.477,0.711,0,0,2.68,1.308,64115897055
New Zealand,2016,12.2,18.2,6.3,19.04,4.898,0.063,2.448,2.483,0.318,0,0,7.294,0.483,29180967978
Norway,2016,12.6,16.5,8.6,26.027,9.074,0.268,4.506,3.36,0.532,0,0,6.689,0.963,1.25591E+12
Poland,2016,13.8,25,3.4,21.217,9.236,1.841,2.33,2.544,0.443,0,0,4.504,0.124,8.97959E+11
Portugal,2016,11.4,18.2,5.2,23.375,11.357,1.816,1.726,1.209,0.472,0,0,5.791,0.192,4.72132E+11
Slovakia,2016,12.3,21.7,3.4,17.566,6.742,0.821,1.865,1.648,0.249,0,0,5.619,0.221,1.75305E+11
Slovenia,2016,19,30.6,7.6,22.291,9.593,1.425,1.884,1.726,0,0,0,6.163,0.709,5.72452E+11
Spain,2016,7.8,11.8,4.1,24.236,9.269,2.291,2.412,1.204,0,0,0,6.406,0.196,2.3267E+11
Sweden,2016,14.6,19.6,9.6,26.59,9.11,0.294,3.951,3.505,0,0,0,6.466,1.361,1.04686E+11
Switzerland,2016,14.1,19.8,8.4,16.824,6.402,0.49,2.798,1.805,0,0,0,2.978,0.602,50735265933
Turkey,2016,2.3,3.3,1.3,12.642,6.237,1.519,0.516,0.472,0,0,0,3.384,0.2,5.63518E+11
United Kingdom of Great Britain and Northern Ireland,2016,8.5,13,4.1,20.845,6.027,0.044,1.822,3.319,0,0,0,7.785,0.101,1.12975E+12
United States of America,2016,15.1,23.5,7,18.646,6.511,0.643,1.102,0.635,0,0,0,8.462,0.757,1.70009E+13
Australia,2017,13.1,19.5,6.9,16.71,4.878,0.092,2.239,2.102,0.159,0.604,0.349,6.02,0.267,1.37914E+12
Austria,2017,15.4,24.5,6.6,27.263,11.969,1.635,1.979,2.583,0.777,1.03,0.098,6.563,0.629,4.31354E+11
Belgium,2017,18.9,26.1,11.9,28.718,9.824,1.7,2.962,2.734,0.866,1.821,0.246,7.899,0.665,5.27911E+11
Canada,2017,13,19.8,6.4,18.022,4.476,0.331,0.73,1.66,0.224,0.559,0.337,7.489,2.216,1.86994E+12
Chile,2017,9.3,15.5,3.2,11.45,2.274,0.574,0.751,1.772,0.271,0.078,0.787,4.57,0.372,6.56573E+11
Denmark,2017,11.3,15.6,7.1,29.164,9.624,0.013,4.901,3.405,1.966,0,0.672,7.057,1.526,2.72276E+11
Estonia,2017,18.7,30.7,8.1,17.242,6.521,0.052,2.285,2.832,0.249,0.286,0.067,4.868,0.082,3.87348E+12
Finland,2017,15.9,23.4,8.7,29.626,12.568,0.784,3.196,2.867,0.981,1.935,0.815,5.566,0.915,3.64439E+11
France,2017,14.6,21.7,8,31.5,12.477,1.584,1.699,2.88,0.872,1.551,0.805,8.77,0.86,1.50536E+12
Germany,2017,12.6,18.8,6.6,25.37,8.411,1.813,2.251,2.328,0.658,0.858,0.56,8.2,0.29,25250985667
Greece,2017,5.1,8.3,2,24.658,13.138,2.389,1.677,1.623,0.183,0.507,0.02,4.815,0.306,2.6557E+11
Hungary,2017,17.5,27.7,8.2,19.677,8.02,0.958,1.622,2.737,0.849,0.29,0.414,4.696,0.091,2.87619E+12
Iceland,2017,12.2,21.7,2.7,16.012,3.031,0.014,3.008,3.268,0.071,0.417,0.417,5.166,0.62,2.84124E+12
Ireland,2017,10,16.1,4.1,14.224,3.518,0.308,1.625,1.561,0.397,0.996,0.505,5.208,0.107,2.47927E+11
Israel,2017,5.1,7.8,2.5,16.241,4.748,0.585,2.782,2.251,0.143,0.273,0.064,4.787,0.607,1.55746E+11
Italy,2017,7.1,10.8,3.5,27.645,13.176,2.522,1.778,1.984,0.554,0.913,0.024,6.399,0.296,3.44959E+11
Japan,2017,17,24.2,10.1,22.324,10.077,1.201,1.076,1.585,0.149,0.154,0.112,7.612,0.357,17529175812
Korea,2017,25.8,36.8,14.7,10.107,2.67,0.324,0.6,1.103,0.297,0.287,0,4.116,0.645,2.9837E+11
Latvia,2017,21.4,36.9,8.3,15.907,6.977,0.184,2.153,2.217,0.189,0.57,0,3.444,0.103,2.12402E+12
Lithuania,2017,29.7,50.9,11.5,15.333,6.068,0.333,2.055,1.777,0.299,0.232,0,4.276,0.228,6.15046E+12
Luxembourg,2017,9.8,13.6,6,21.505,6.895,1.635,2.492,3.297,0.791,1.113,0,4.414,0.498,1.41207E+12
Mexico,2017,5.9,9.8,2.2,7.496,2.484,0.188,0.047,0.878,0.003,0,0,2.843,0.358,47822995719
Netherlands,2017,12.1,16.1,8.1,16.609,5.943,0.076,2.862,1.491,0.641,0,0,2.61,1.436,65270740382
New Zealand,2017,12.7,19.1,6.6,18.555,4.806,0.057,2.37,2.458,0.236,0,0,7.088,0.449,30129559625
Norway,2017,12.1,16.3,8,25.212,8.945,0.256,4.396,3.242,0.473,0,0,6.456,0.901,1.28245E+12
Poland,2017,13.3,23.8,3.4,20.8,8.856,1.752,2.23,2.615,0.42,0,0,4.516,0.112,9.24098E+11
Portugal,2017,12,18.6,6,22.662,11.024,1.777,1.697,1.201,0.403,0,0,5.701,0.186,4.83101E+11
Slovakia,2017,12.3,21.6,3.4,17.453,6.784,0.819,1.913,1.697,0.223,0,0,5.411,0.213,1.8085E+11
Slovenia,2017,20.9,33.4,8.6,21.497,9.233,1.313,1.777,1.845,0,0,0,5.912,0.673,6.00105E+11
Spain,2017,8.2,12.2,4.3,23.943,9.219,2.223,2.407,1.192,0,0,0,6.318,0.193,2.40828E+11
Sweden,2017,15,20.5,9.6,26.047,9.094,0.272,3.836,3.395,0,0,0,6.454,1.061,1.07872E+11
Switzerland,2017,14.6,20.5,8.9,17.028,6.448,0.485,2.861,1.824,0,0,0,3.083,0.605,53167285644
Turkey,2017,2.3,3.4,1.3,12.105,5.966,1.437,0.484,0.479,0,0,0,3.272,0.188,5.77988E+11
United Kingdom of Great Britain and Northern Ireland,2017,8.2,12.5,4.1,20.473,5.926,0.039,1.862,3.233,0,0,0,7.665,0.103,1.21451E+12
United States of America,2017,15.9,24.9,7.1,18.439,6.476,0.624,1.058,0.625,0,0,0,8.419,0.721,1.74038E+13
